,Series Name,Country Name,CountryCode,2000 [YR2000],2001 [YR2001],2002 [YR2002],2003 [YR2003],2004 [YR2004],2005 [YR2005],2006 [YR2006],2007 [YR2007],2008 [YR2008],2009 [YR2009],2010 [YR2010],2011 [YR2011],2012 [YR2012],2013 [YR2013],2014 [YR2014],2015 [YR2015],2016 [YR2016]
0,GDP (current US$),Afghanistan,AFG,..,..,4055176933.36905,4515563413.82564,5226775163.30205,6209140044.00519,6971286731.72065,9747886104.53251,10109218067.7904,12439087076.7667,15856574731.4411,17804280538.1102,20001615788.6719,20561054090.3995,20484873230.2111,19907111418.9938,19362642266.6484
1,GDP (current US$),Albania,ALB,3480355188.60063,3922099470.97313,4348070165.19261,5611492282.86582,7184681398.5698,8052075642.10781,8896073938.31407,10677321490.3807,12881353984.6426,12044223457.8287,11926962834.9645,12890867535.5568,12319784701.3346,12776277648.9159,13228244336.3241,11386927679.0875,11861353752.0672
2,GDP (current US$),Algeria,DZA,54786074940.2073,54743249368.646,56758113501.1671,67866141223.5933,85324767230.4939,103198442061.076,117030941571.939,134978727825.851,170997541140.985,137214821177.358,161205065469.309,200015355528.47,209062886917.045,209754763860.68,213808808746.696,165978425168.386,160032930353.764
3,GDP (current US$),American Samoa,ASM,..,..,514000000,527000000,512000000,503000000,496000000,520000000,563000000,678000000,576000000,574000000,644000000,641000000,642000000,661000000,652000000
4,GDP (current US$),Andorra,AND,1434429703.33518,1496912751.67785,1733116883.11688,2398645598.19413,2935659299.72684,3255789080.96008,3543256805.92147,4016972351.49192,4007353156.58415,3660530702.97305,3355695364.23841,3442062830.13622,3164615186.94591,3281585236.32501,3350736367.25488,2811489408.89431,2877311946.90265
5,GDP (current US$),Angola,AGO,9129594818.60749,8936063723.20121,15285594828.418,17812705294.325,23552052407.5488,36970918699.2523,52381006892.038,65266452081.386,88538611205.1433,70307163678.238,83799496611.2004,111789686464.441,128052853643.106,136709862831.194,145712200312.505,116193649124.151,101123851090.455
6,GDP (current US$),Antigua and Barbuda,ATG,830158777.777778,800740259.259259,814615333.333333,855643111.111111,919577148.148148,1022191296.2963,1157005444.44444,1311401333.33333,1368431037.03704,1224253000,1148700000,1137637037.03704,1199948148.14815,1181448148.14815,1249733333.33333,1336692592.59259,1436585185.18519
7,GDP (current US$),Argentina,ARG,284203750000,268696750000,97724004251.8602,127586973492.177,164657930452.787,198737095012.282,232557260817.308,287530508430.568,361558037110.419,332976484577.619,423627422092.49,530163281574.658,545982375701.128,552025140252.246,526319673731.638,594749285413.212,557531376217.967
8,GDP (current US$),Armenia,ARM,1911563665.39006,2118467913.37873,2376335048.39976,2807061008.69084,3576615240.41616,4900469950.09033,6384451606.1421,9206301700.39619,11662040713.8753,8647936747.98704,9260284937.79782,10142111334.4961,10619320048.5857,11121465767.4067,11609512939.7543,10553337672.9872,10546135160.031
9,GDP (current US$),Aruba,ABW,1873452513.96648,1920111731.84358,1941340782.12291,2021229050.27933,2228491620.11173,2330726256.98324,2424581005.58659,2615083798.88268,2745251396.64804,2498882681.56425,2390502793.29609,2549720670.39106,2534636871.50838,2581564245.81006,2649720670.39106,2691620111.73184,2646927374.30168
10,GDP (current US$),Australia,AUS,415222633925.768,378376086723.194,394648911678.526,466488060570.763,612490396927.017,693407758231.845,746054207846.661,853099630996.31,1053995523724.26,927805183330.879,1146138465603.81,1396649906339.35,1546151783872.96,1576184467015.49,1467483705131.74,1351693984524.5,1208846993739.99
11,GDP (current US$),Austria,AUT,196799778883.361,197337879194.631,213377771503.858,261695778781.038,300904221504.842,315974418604.651,335998557270.104,388691445387.353,430294287388.311,400172297860.517,391892746544.69,431120310088.82,409425234155.263,430068712971.867,441996131736.508,381817565893.574,395227684138.862
12,GDP (current US$),Azerbaijan,AZE,5272617196.04517,5707720390.8515,6235856819.58445,7276013031.96905,8680370408.05943,13245716099.0057,20982986344.3027,33050343782.7759,48852482960.0779,44291490420.5026,52902703376.1056,65951627200.2026,69683935845.2138,74164435946.4627,75244294275.1498,53074468085.1064,37867518957.1975
13,GDP (current US$),"Bahamas, The",BHS,8076470000,8317830000,8881160000,8870090000,9055290000,9836200000,10167250000,10618340000,10526000000,9981960000,10095760000,10070450000,10720500000,10562700000,10913300000,11752300000,11938400000
14,GDP (current US$),Bahrain,BHR,9062898936.17021,8976196808.51064,9593510638.29787,11074813829.7872,13150159574.4681,15968723404.2553,18504760638.2979,21730000000,25710877659.5745,22938218085.1064,25713271276.5957,28776622340.4255,30749335106.383,32539547872.3404,33387686170.2128,31125877659.5745,32250132978.7234
15,GDP (current US$),Bangladesh,BGD,53369787318.6245,53991289844.3291,54724081490.5102,60158929188.2556,65108544250.0425,69442943089.4309,71819083683.7403,79611888213.148,91631278239.3237,102477791472.39,115279077465.226,128637938711.386,133355749482.478,149990451022.29,172885454931.453,195078678697.23,221415188000.475
16,GDP (current US$),Barbados,BRB,3121500000,3116650000,3169600000,3274850000,3514350000,3897300000,4217450800,4674007450,4784925100,4465657300,4529928300,4657699450,4610096000,4677248300,4696344350,4725500000,4840500000
17,GDP (current US$),Belarus,BLR,12736856827.9847,12354820143.8849,14594249022.8922,17827791321.3067,23144351851.8519,30207567316.6202,36954312354.3124,45277399813.6067,60763483146.0674,50874078052.2735,58665088956.0255,61757788944.7236,65685102554.8759,75527984234.2342,78813839984.3506,56454734396.5842,47722657820.6675
18,GDP (current US$),Belgium,BEL,236204532891.1,236541297539.15,257157820440.429,317381715575.621,368537000248.324,385570948886.954,407918078032.869,470324254037.777,515223524241.98,481345929424.84,480951629493.033,522645519183.591,496181260258.3,521642714407.843,534678075827.361,462149679343.822,476056833074.336
19,GDP (current US$),Belize,BLZ,832072450,871860600,932551850,990374050,1057845500,1114202700,1217442150,1290542550,1368625150,1335217500,1377179137.31754,1460800211.99593,1522899789.92074,1579413515.26963,1662802599.10192,1723785356.56776,1775100178.68896
20,GDP (current US$),Benin,BEN,2569186642.86999,2680213931.46472,3054571081.6912,3905366187.87017,4521424807.22519,4803702821.08056,5142380779.44103,5969535131.58016,7132787396.66547,7097198711.61023,6977040762.19148,7824320326.89328,8152088222.19998,9159958825.63987,9720362615.39829,8294490789.00164,8578984066.29974
21,GDP (current US$),Bermuda,BMU,3480219000,3680483000,3937228000,4186525000,4484703000,4868136000,5414299000,5895048000,6109928000,5806378000,5744414000,5550771000,5537537000,5573710000,..,..,..
22,GDP (current US$),Bhutan,BTN,439158233.199822,476360697.181606,537050133.717342,622026107.771576,702682018.976169,818869145.124717,897731524.929922,1196091805.02316,1258332337.28382,1264758197.96593,1585472534.10547,1820207625.80217,1823692109.61652,1798333725.83954,1976938529.72743,2059809919.89325,2219675780.89539
23,GDP (current US$),Bolivia,BOL,8397912509.09679,8141537937.61068,7905485216.17852,8082364868.39357,8773451738.91129,9549077869.1065,11451869164.7112,13120183156.7149,16674324634.2373,17339992165.2422,19649631450.6819,23963033588.0063,27084497539.7974,30659338784.3705,32996188133.1404,33000198263.3864,33941126193.9219
24,GDP (current US$),Bosnia and Herzegovina,BIH,5505887894.48893,5748993411.42021,6651106833.49374,8369878822.85055,10596205714.2857,11222953519.4252,12864610993.5219,15778767669.6991,19112739664.4697,17613836209.9581,17176781336.7644,18644723860.9709,17226849297.07,18178503835.4491,18558343508.3435,16211540686.1355,16913330693.9653
25,GDP (current US$),Botswana,BWA,5788329609.15755,5489608299.66445,5438857106.73536,7511582173.37724,8957467706.5354,9931134940.51346,10126940513.3125,10939053365.4786,10945070441.9283,10267133177.7334,12786654365.8738,15351972229.5341,16067155187.0375,14901750764.9811,16250750259.0212,14420604205.7459,15646316818.3319
26,GDP (current US$),Brazil,BRA,655420645476.906,559372276081.966,507962487700.024,558319920831.979,669316654017.094,891630177251.068,1107640289615.23,1397084349956.35,1695824565983.2,1667019783585.08,2208871646202.82,2616200980392.16,2465188674415.03,2472806456101.29,2455994050148.75,1802214373741.32,1796275437087.99
27,GDP (current US$),British Virgin Islands,VGB,..,..,..,..,..,..,..,..,..,..,..,..,..,..,..,..,..
28,GDP (current US$),Brunei Darussalam,BRN,6001153306.2645,5601090584.36122,5843329107.56171,6557333084.60567,7872333215.00414,9531402847.87311,11470703002.0769,12247694247.2298,14393099068.5859,10732366286.2643,13707370737.0737,18525319977.7407,19048495518.5659,18093829923.2737,17098342541.4365,12930394937.8137,11400854267.7188
29,GDP (current US$),Bulgaria,BGR,13153016530.8718,14075616789.4905,16276456427.5397,20982685981.4163,25957970922.4811,29636617749.8253,34130122490.8613,44411476557.0329,54409138498.3548,51884481410.3931,50610058210.3696,57418414504.0882,53903022339.0276,55555171009.772,56814543481.2102,50201314894.5817,53240950226.2443
30,GDP (current US$),Burkina Faso,BFA,2628920056.10098,2812845513.57125,3205592289.79773,4205691222.11396,4838551099.70985,5462709498.45119,5816310157.71765,6771277870.96412,8369637065.40255,8369175126.25316,8979966766.07232,10724063457.8326,11166063466.5623,11947176341.9966,12377391462.6377,10419303761.3524,10867024151.6053
31,GDP (current US$),Burundi,BDI,870486065.883137,876794723.068586,825394490.159111,784654423.620476,915257323.3961,1117113045.65222,1273375020.26862,1356199364.85882,1611835901.9063,1781455092.07114,2032135246.50004,2235820867.82743,2333308099.46249,2451625332.74584,2705783272.07443,3104394858.11518,2959640987.29943
32,GDP (current US$),Cabo Verde,CPV,539227277.626411,563024383.296626,620974660.230303,813963830.179217,924318490.7598,971977088.156914,1107891063.43863,1513933983.22398,1789333748.6799,1711817181.52969,1664310769.55229,1865915544.12446,1741809808.96442,1850470042.43281,1859898513.26858,1596800287.16405,1663008687.09505
33,GDP (current US$),Cambodia,KHM,3677897739.07628,3984000517.02345,4284028482.53766,4658246918.27092,5337833248.03924,6293046161.83262,7274595706.67154,8639235842.18075,10351914093.1723,10401851850.6108,11242275198.9783,12829541141.0127,14054443213.4639,15227991395.2201,16702610842.4025,18049954289.4229,20159271964.9628
34,GDP (current US$),Cameroon,CMR,10083937740.0624,10371327756.4548,11579343088.1613,14548845764.5325,17430933517.2998,17944084201.4901,19356046327.8995,22365265025.66,26409781215.1844,26017925551.8426,26143818509.6421,29337006833.0825,29104437355.0395,32348149947.3727,34942948737.3967,30916218544.4404,32621535418.9031
35,GDP (current US$),Canada,CAN,742295468318.632,736379777892.562,757950678646.53,892382413817.715,1023196771714.07,1169357979864.66,1315415197461.21,1464977190205.75,1549131208997.19,1371153004986.44,1613542812589.39,1789140665202.84,1823966686523.63,1842018420853.1,1801480123070.82,1552899925233.71,1526705529135.32
36,GDP (current US$),Cayman Islands,CYM,..,..,..,..,..,2315972638.90556,4227798031.92128,4466503540.1416,4586172566.90268,4281813032.5213,4156935677.4271,4186223808.95236,4291159006.36025,4405954638.18553,4563017880.71523,4708336733.46934,4898908676.34705
37,GDP (current US$),Central African Republic,CAF,914500299.097034,931833302.752857,991387870.12463,1139754799.16304,1270080250.65268,1337362392.15225,1460561215.4447,1697565948.65323,1985240986.18508,2059094048.26019,2140503193.16261,2434792412.50855,2510270267.72918,1691063476.64157,1892292911.82509,1695143879.57045,1823779165.27967
38,GDP (current US$),Chad,TCD,1385058161.76746,1709347793.32873,1987622279.11463,2736666515.8294,4414929219.99649,6646663561.2656,7422102655.98832,8638711442.7705,10351932604.4154,9253484108.49701,10657705536.4978,12156380425.0825,12368071038.7362,12949854262.8127,13922223233.5184,10945989471.6286,10090922857.3905
39,GDP (current US$),Channel Islands,CHI,6439703434.71024,6232906290.4851,6663669064.7482,7332244897.95918,8553643354.08275,8827272727.27273,9676172953.08188,11514605842.3369,..,..,..,..,..,..,..,..,..
40,GDP (current US$),Chile,CHL,77860932151.8471,70979923960.3742,69736811435.1032,75643459839.6008,99210392857.6116,122964812046.073,154788024805.808,173605968179.255,179638496278.574,172389498444.621,218537551220.071,252251992029.442,267122320056.702,278384345259.474,260541629960.729,243919085308.785,250339863130.847
41,GDP (current US$),China,CHN,1211346869605.24,1339395718865.3,1470550015081.55,1660287965662.68,1955347004963.27,2285965892360.54,2752131773355.16,3550342425238.25,4594306848763.08,5101702432883.45,6087164527421.24,7551500425597.77,8532230724141.76,9570405758739.79,10438529153237.6,11015542352468.9,11137945669350.6
42,GDP (current US$),Colombia,COL,99886577330.7271,98211749595.5442,97963003804.7851,94641378693.223,117081522349.677,145180960251.663,161189825603.139,205706860699.301,241710969502.894,232494134119.684,286103648654.545,334454039093.586,370574421703.06,381866608838.8,381112119657.445,293481748240.779,282825009887.458
43,GDP (current US$),Comoros,COM,350264287.687331,378180913.355762,423962976.722333,545658929.044587,632570092.207793,653584808.745573,697810988.051543,794621676.487681,911967428.713837,901711442.285944,907093130.313521,1021746833.42573,1015901205.42028,1115906341.77727,1148058015.47633,965640593.037584,1012147323.79343
44,GDP (current US$),"Congo, Dem. Rep.",COD,19088046305.7971,7438189100.33333,8728038525.14034,8937567059.87754,10297483481.223,11964484667.9102,14451902467.9315,16737071816.38,19788515873.8942,18648373312.4241,21565720044.4634,25839749198.8233,29306235826.3886,32679745297.6453,35909040265.9328,37917704900.0794,37134799974.5225
45,GDP (current US$),"Congo, Rep.",COG,3219910550.39332,2794259783.08097,3019993738.77492,3495868808.0512,4648628921.36969,6087003176.11624,7731261310.93322,8394688284.06224,11859013280.9951,9593537550.75063,12007880438.6232,14425607179.6639,13677930123.5919,14085851348.069,14177437982.2619,8553154580.39951,9035848070.90357
46,GDP (current US$),Costa Rica,CRI,14949514493.332,15913363440.5692,16504795592.7964,17196009811.1172,18528955524.6272,19948261084.3726,22602721765.2812,26743972564.1217,30612927059.0967,30562361123.0307,37268614024.3178,42262697840.385,46473128285.5589,49745088111.6953,50577769837.7462,54775994478.5095,57157992434.1805
47,GDP (current US$),Cote d'Ivoire,CIV,10717022462.6859,11192560827.2962,12346919216.1359,15306602560.2533,16554441846.5192,17084928927.4555,17800887796.4987,20343635319.6174,24224903099.6283,24277493862.0625,24884505034.5564,25381616734.0693,26790579775.295,31264187110.3554,35316491206.7797,33131114321.6792,35296977343.6523
48,GDP (current US$),Croatia,HRV,21669159307.5371,23179799796.1997,26815719603.1353,34686547352.7218,41594418573.8197,45386757883.4129,50454899071.2499,60182977533.3271,70288911412.9333,62666161453.4983,59807966533.2848,62354235670.5777,56494436182.7599,58056951042.0866,57642879510.1075,49530656285.0852,51596929180.1352
49,GDP (current US$),Cuba,CUB,30565400000,31682400000,33590500000,35901200000,38203000000,42643836100,52742800000,58603900000,60806300000,62080000000,64328000000,68990000000,73141000000,77148000000,80656000000,87133000000,91370000000
50,GDP (current US$),Curacao,CUW,..,..,..,..,..,..,..,..,..,..,..,3038699608.93855,3131096089.38548,3147616201.11732,3158406033.51955,3151910782.1229,3122287932.96089
51,GDP (current US$),Cyprus,CYP,9985844486.33365,10397897085.6102,11420227884.6154,14547325028.3126,17320552500,18433411267.2553,20072786350.5206,23968764029.5647,27844698989.3072,25945391775.4932,25732432719.0773,27565469097.9955,24978513426.6992,23900872625.8467,23128114786.7676,19779150116.4984,20890936462.2537
52,GDP (current US$),Czech Republic,CZE,61649492816.5201,67523642262.4009,81910771993.9155,99627140274.3805,119162172468.268,136280689891.224,155463807112.889,189227050759.595,235718586901.129,206179982164.402,207477857918.919,227948349666.354,207376427020.815,209402444996.104,207818330723.835,186829940545.759,195090272402.729
53,GDP (current US$),Denmark,DNK,164158739097.623,164791442543.375,178635163717.431,218096033517.009,251373002954.382,264467336457.17,282884947702.966,319423424509.066,353361038818.383,321241303699.006,321995279401.502,344003137611.271,327148943812.137,343584391647.927,352993631617.708,302673068765.972,313115929314.339
54,GDP (current US$),Djibouti,DJI,..,..,..,..,..,..,..,..,..,..,..,..,..,2042817162.85639,2216200810.48476,2445484583.05199,2618587757.14607
55,GDP (current US$),Dominica,DMA,333468888.888889,340205074.074074,333195185.185185,343310666.666667,367199111.111111,364255074.074074,390250148.148148,421375851.851852,458190185.185185,489074333.333333,493824407.407407,501025296.296296,485998000,498296296.296296,520207407.407407,540737037.037037,576229629.629629
56,GDP (current US$),Dominican Republic,DOM,24305116729.1851,25599311449.3848,27362875602.5011,21642882856.4247,22692574473.3467,36119047252.1794,38116351526.2862,43965459069.8118,48122601589.3469,48261079522.8544,53860187452.8829,58029773801.1283,60681535893.4288,62682158700.6381,67179956264.3268,71164826720.514,75704647977.3087
57,GDP (current US$),Ecuador,ECU,18327764882.4412,24468324000,28548945000,32432858000,36591661000,41507085000,46802044000,51007777000,61762635000,62519686000,69555367000,79276664000,87924544000,95129659000,101726331000,99290381000,99937696000
58,GDP (current US$),"Egypt, Arab Rep.",EGY,99838543960.0763,97632008709.853,87850683978.6691,82924503942.6381,78845185293.4964,89685725230.2517,107484034870.974,130478960092.499,162818181818.182,188982374700.805,218888324504.753,236001858960.015,279372758361.832,288586231501.877,305529656458.438,332698041030.807,332927833278.038
59,GDP (current US$),El Salvador,SLV,11784927700,12282533600,12664190300,13243892200,13724810900,14698001400,15999886400,17011750900,17986890000,17601620000,18448000000,20284000000,21386000000,21991000000,22593000000,23438000000,24154000000
60,GDP (current US$),Equatorial Guinea,GNQ,1045998496.43872,1461139022.02954,1806742742.27311,2484745935.09329,4410764338.66733,8217369092.65224,10086528698.8604,13071718758.7373,19749893536.3204,15027795173.2187,16298542027.9965,21329395900.871,22389626329.3369,21942597765.3631,21736500712.9638,13180195435.1132,11233177619.4663
61,GDP (current US$),Eritrea,ERI,706370815.584416,752368495.512622,729321366.651861,870247703.182758,1109054005.43971,1098425900.74116,1211161879.6748,1317974491.05691,1380188800,1856695551.21951,2117039512.19512,2607739837.39837,..,..,..,..,..
62,GDP (current US$),Estonia,EST,5694069842.43988,6259258257.98944,7372457191.29698,9877636517.61518,12144397515.528,14098326327.5712,17012321791.4942,22445582945.5242,24371299985.3523,19744110447.3465,19685033799.4182,23394843529.0691,23192709238.817,25271407238.6622,26773472961.8253,23048864242.6072,23996451497.6139
63,GDP (current US$),Ethiopia,ETH,8242392103.68061,8231326016.47494,7850809498.16803,8623691300.04079,10131187261.4421,12401139453.9738,15280861834.6024,19707616772.7996,27066912635.2228,32437389116.038,29933790334.3418,31952763089.33,43310721414.0829,47648211133.2183,55612228233.5179,64589334978.8013,74296618481.0882
64,GDP (current US$),Faroe Islands,FRO,1058702725.4395,1147654635.45922,1262669892.4595,1494011567.01125,1688237552.36935,1727792692.89133,1984445416.02206,2290133548.87301,2432415998.11695,2268387770.71014,2320424601.26954,2490807830.57351,2366301251.61847,2627049837.08135,2850743875.2784,2518096285.61661,2689157270.82312
65,GDP (current US$),Fiji,FJI,1684109743.49338,1660102345.60309,1842691481.09196,2315935752.71653,2727507212.92556,3006725014.78415,3102741451.01664,3405050611.68726,3523185919.55826,2870624635.68032,3140508835.9485,3774530615.65916,3972012570.53467,4190143206.25611,4856963229.83999,4682546863.08162,4930204219.71304
66,GDP (current US$),Finland,FIN,125706651925.557,129421029082.774,139738377564.465,171274266365.688,197116960516.514,204809103345.355,216907539831.891,256052559540.104,284553976856.599,252496526813.004,249181190476.369,275243697751.011,258304834621.605,271285280621.373,274497230802.958,234585368746.272,240570297852.344
67,GDP (current US$),France,FRA,1362248940482.77,1376465324384.79,1494286655373.61,1840480812641.08,2115742488204.62,2196126103718.44,2318593651988.46,2657213249384.07,2918382891460.38,2690222283967.77,2642609548930.36,2861408170264.61,2683825225092.63,2811077725703.59,2852165760630.27,2438207896251.84,2471285607081.72
68,GDP (current US$),French Polynesia,PYF,3447543137.9415,..,..,..,..,..,..,..,..,..,..,..,..,..,..,..,..
69,GDP (current US$),Gabon,GAB,5067865320.7979,5018874179.18704,5310381151.35952,6497305662.09274,7756293574.98077,9578973591.00958,10318424464.3377,12438956756.4455,15508574820.3516,12065138272.7538,14358584300.3006,18186478119.9582,17171447372.3334,17590745162.1326,18179752009.7489,14377324797.637,14014369641.7689
70,GDP (current US$),"Gambia, The",GMB,782915402.421095,687408804.630527,578236035.104279,487038821.611959,961900106.892751,1027702254.38664,1054113426.70947,1279704744.82781,1561763437.0325,1450140385.97229,1543292392.54605,1409694553.90934,1415006238.09509,1375608956.10386,1229460601.92174,1378176868.31568,1467255923.49024
71,GDP (current US$),Georgia,GEO,3057475288.78105,3219488663.77231,3395728013.84524,3991284895.37214,5125365191.98664,6410823633.25426,7745394293.41721,10172882370.5477,12795076469.0099,10766836276.5639,12243505582.6741,15107441446.7833,16488403076.3641,17189491403.1502,17627060089.4829,14953950557.4406,15141758566.7808
72,GDP (current US$),Germany,DEU,1943145384190.16,1944107382550.34,2068624129493.69,2496128668171.56,2809187981127.39,2845802760850.64,2992196713084.93,3421229126745.14,3730027830672.33,3397791053070.3,3396354075663.73,3744408602683.94,3527344944139.83,3732743446218.92,3883920155292.26,3360549973888.58,3466790065011.83
73,GDP (current US$),Ghana,GHA,4983024408.14828,5314909953.92992,6166330136.2948,7632406552.83803,8881368538.07671,10731634116.7384,20409668521.5494,24758819717.7074,28526891010.4925,25977847813.7422,32174772955.9748,39566292432.8615,41939728978.7281,63277216928.5093,53601126663.9079,49181854798.2552,55009730600.0307
74,GDP (current US$),Gibraltar,GIB,..,..,..,..,..,..,..,..,..,..,..,..,..,..,..,..,..
75,GDP (current US$),Greece,GRC,130133845771.144,136191353467.562,153830947016.751,201924270316.027,240521260988.329,247783001865.44,273317737046.795,318497936901.177,354460802548.704,330000252153.376,299361576558.217,287797822093.178,245670666639.047,239862011450.103,237029579260.722,196591353761.226,195222443512.937
76,GDP (current US$),Greenland,GRL,1068030829.75591,1086172922.57413,1169138789.31435,1558753434.43083,1822486688.58807,1849805732.96203,2013099482.07439,2249811708.94796,2499107510.64122,2529948329.57153,2503156060.52524,2684467375.71479,2609667673.71601,2684952726.88425,2842048997.77283,2499115623.00272,2707146783.13056
77,GDP (current US$),Grenada,GRD,520044370.37037,520444185.185185,540336925.925926,591018407.407407,599118592.592593,695370296.296296,698700666.666667,758683592.592593,825976037.037037,771275555.555555,771013259.259259,778655925.925926,799882259.259259,842620111.111111,911497407.407407,997007925.925926,1061631222.22222
78,GDP (current US$),Guam,GUM,..,..,3385000000,3560000000,3857000000,4197000000,4213000000,4375000000,4621000000,4781000000,4895000000,4928000000,5199000000,5336000000,5538000000,5710000000,5795000000
79,GDP (current US$),Guatemala,GTM,19288827158.9035,18702802522.0777,20776403774.1156,21917430694.2538,23965275794.3749,27211377107.3763,30231249625.1282,34113107372.317,39136436613.7566,37733609794.6481,41338008612.7727,47654783851.8252,50388460924.7345,53851153446.6959,58722323918.1604,63767597193.9175,68663649521.7042
80,GDP (current US$),Guinea,GIN,2995360969.16199,2833442750.43639,2949637039.04424,3446442218.89829,3666349049.42641,2937071767.25576,4220019242.74824,6281917655.90249,6964179193.84418,6716904568.76482,6853467857.61127,6785137172.77058,7638045254.42864,8376613843.27265,8778473614.54728,8794202443.67366,8603833218.24226
81,GDP (current US$),Guinea-Bissau,GNB,370173838.651652,392278168.199897,415843481.998691,476388260.639232,531109356.165462,586795675.416201,591839470.665059,695990208.376629,864654795.287148,826798659.766283,849050127.504407,1098379391.95039,989327811.785114,1045790132.98518,1053512334.17271,1047808175.00057,1178204501.38801
82,GDP (current US$),Guyana,GUY,712667896.727512,712167575.624277,726131434.715338,743064076.794566,787814379.183843,824880550.343965,1458453715.32702,1740180444.25731,1916994911.93238,2061323853.88576,2273225041.96217,2576024115.57832,2861562265.88301,2987684170.24434,3077643313.70623,3197220338.98305,3504024213.07506
83,GDP (current US$),Haiti,HTI,3953846310.66081,3596443004.56165,3472191962.42287,2960306120.93557,3537720277.49988,4310358095.62898,4756204069.61876,5885325589.97642,6548530572.35291,6584649419.28348,6622541528.56888,7516834160.25277,7890647021.75659,8485077205.26002,8775444941.93681,8724656126.49849,7970649131.23416
84,GDP (current US$),Honduras,HND,7103507989.05044,7565869927.73763,7775078402.92785,8140271080.5604,8772146604.82093,9672035709.39793,10841742347.7968,12275501784.2971,13789715132.502,14587496229.1811,15839344591.9842,17710315005.9999,18528601901.324,18499710127.8385,19756494434.7031,20979767785.2104,21717622071.3816
85,GDP (current US$),"Hong Kong SAR, China",HKG,171668164082.555,169403241524.337,166349228737.386,161384522525.299,169099768875.193,181570082162.19,193536265094.364,211597405593.868,219279678430.164,214046415026.187,228637697575.04,248513617677.287,262629441493.476,275696879834.966,291459356985.337,309383627028.561,320860698504.309
86,GDP (current US$),Hungary,HUN,47218405892.4258,53749989092.0197,67608919144.3684,85302003908.042,103960017914.058,112980947728.383,115577256523.599,139966001509.592,158136326477.965,130760312876.683,131135561228.374,141109576981.423,128153691809.347,135409048034.154,140558786480.464,124529741437.176,127507473625.632
87,GDP (current US$),Iceland,ISL,9003639475.42485,8205357164.41227,9294651863.31914,11414054860.577,13834751482.0128,16812529923.7715,17216417442.2912,21514962936.5389,17905251832.0506,13164652894.2464,13683689802.2771,15158548597.3876,14724078264.24,16033517529.2506,17758089312.4856,17344165907.2129,20716024757.4057
88,GDP (current US$),India,IND,468394937262.37,485441014538.638,514937948870.08,607699285433.872,709148514804.66,820381595512.902,940259888792.141,1216735441524.86,1198895582137.51,1341886602798.69,1675615335600.56,1823050405350.42,1827637859135.7,1856722121394.53,2039127446298.55,2103587813812.75,2290432075123.75
89,GDP (current US$),Indonesia,IDN,165021012077.81,160446947784.909,195660611165.183,234772463823.808,256836875295.452,285868618224.017,364570514304.85,432216737774.861,510228634992.258,539580085612.401,755094160363.071,892969107923.094,917869910105.749,912524136718.018,890814755233.225,860854235065.079,931877364177.742
90,GDP (current US$),"Iran, Islamic Rep.",IRN,109591707802.233,126878750295.962,128626917503.72,153544751395.43,190043433964.841,226452138291.542,266298911661.144,349881601458.56,406070949553.875,414059094949.063,487069570463.768,583500357530.414,598853401276.101,467414852231.299,434474616831.914,385874474398.59,418976679728.567
91,GDP (current US$),Iraq,IRQ,..,..,..,..,36627901762.063,49954890353.2609,65140293687.5395,88840050497.0957,131613661510.475,111660855042.735,138516722649.573,185749664444.444,218000986222.639,234637674957.118,234648370497.427,177498577312.923,174878976033.941
92,GDP (current US$),Ireland,IRL,99852958356.3663,109135253959.732,127949875023.527,164284690067.72,193870692699.28,211649034697.177,232083467569.941,269917943471.12,275038896001.172,236316405946.096,222148757313.006,237472361872.56,224999484104.853,238543538776.684,258471885130.304,291499812103.645,300523297712.96
93,GDP (current US$),Isle of Man,IMN,1563667799.61578,1659131243.73837,1947332921.74718,2328658227.8481,2822358473.16983,3032400000,3422651333.94664,4466100440.17607,5928601102.94118,5487083657.89064,5920177688.50433,6566098381.6696,6433357030.0158,6754330154.76004,7428280401.5139,6792417112.29947,6592627599.24386
94,GDP (current US$),Israel,ISR,132343042748.878,130756336685.926,121123828591.329,126965980061.922,135477431994.645,142528909909.308,154034316643.476,178959188651.688,216105164966.555,207468170892.353,233995676194.679,261468634231.2,257180147032.142,292636164000.637,309558454718.866,299813121212.641,318950599017.506
95,GDP (current US$),Italy,ITA,1143829832319.88,1167012796420.58,1270712309429.7,1574145823927.77,1803226967966.23,1857524312896.41,1947919708944.93,2210292636189.43,2398856598798.89,2191241872742.43,2134017843247.16,2291991045770.29,2087077032435.15,2141315327318.21,2159133919743.77,1835899237320.04,1875579883543.09
96,GDP (current US$),Jamaica,JAM,8985352831.94058,9178016493.05556,9694169756.90153,9399447609.1835,10150978154.5484,11204416000,11901911987.8604,12827809965.2375,13680482786.9977,12067478477.5714,13220556882.7046,14444655299.8772,14807086889.2099,14262589157.7413,13897804560.3487,14187696311.3556,14075894320.3166
97,GDP (current US$),Japan,JPN,4887519660744.86,4303544259842.72,4115116279069.77,4445658071221.86,4815148854362.11,4755410630912.14,4530377224970.4,4515264514430.57,5037908465114.48,5231382674593.7,5700098114744.41,6157459594823.72,6203213121334.12,5155717056270.83,4850413536037.84,4389475622588.97,4926667087367.51
98,GDP (current US$),Jordan,JOR,8579280677.00987,9101452750.35261,9716868829.3371,10338730606.488,11571424541.6079,12765218617.7715,15268053596.615,17350521861.7772,22279907002.959,24154000000,26795901408.4507,29244647887.324,31371056338.0282,34064873239.4366,36329267605.6338,38043450704.2253,39196676056.338
99,GDP (current US$),Kazakhstan,KAZ,18291990619.137,22152694161.8882,24636593223.3467,30833699702.7594,43151647002.6096,57123671733.8953,81003884545.4098,104849886825.584,133441612246.798,115308661142.927,148047348240.643,192626507971.584,207998568865.789,236634552078.102,221415572819.5,184388432148.715,137278320084.171
100,GDP (current US$),Kenya,KEN,12705357103.0056,12986007425.8781,13147743910.7241,14904517649.8476,16095337093.8366,18737897744.7948,25825524820.8064,31958195182.2406,35895153327.8497,37021512048.8158,40000088346.8041,41953433591.4101,50412754861.0191,55096728047.9408,61448046801.6041,64007750178.5014,69188755511.0911
101,GDP (current US$),Kiribati,KIR,67254174.3970315,63101272.3699183,72196457.6768445,90231856.8000519,102367039.270481,112133944.253532,110234939.759036,132671742.950381,141042610.300285,132420059.273124,156120895.248578,181705002.578649,190243321.598675,185113921.606488,179703443.302686,171117872.436331,178328873.030033
102,GDP (current US$),"Korea, Dem. Peopleâ€™s Rep.",PRK,..,..,..,..,..,..,..,..,..,..,..,..,..,..,..,..,..
103,GDP (current US$),"Korea, Rep.",KOR,561633125839.994,533052076313.527,609020054512.465,680520724062.403,764880644710.649,898137194716.188,1011797457138.5,1122679154632.41,1002219052967.54,901934953364.711,1094499338702.72,1202463682633.85,1222807284485.31,1305604981271.91,1411333926201.24,1382764027113.82,1414804158515.26
104,GDP (current US$),Kosovo,XKX,1849196082.05507,2535333631.88536,2406270658.23024,2790455727.69422,3556757428.82009,3663101604.27807,3846819721.4904,4655899260.88147,5687361945.21752,5653823284.24562,5830415894.03973,6692431192.66055,6499759732.75087,7071982209.24057,7386883375.34828,6440067649.99446,6714726769.9115
105,GDP (current US$),Kuwait,KWT,37712842242.5033,34887512226.9319,38137545245.1464,47876510067.1141,59439090600.6108,80798630136.9863,101548931771.192,114639690358.902,147395089285.714,105963168867.269,115419050942.08,154027536231.884,174070025008.932,174161495063.47,162631763879.129,114567298105.683,109420059582.92
106,GDP (current US$),Kyrgyz Republic,KGZ,1369688498.06778,1525116370.27939,1605643104.73021,1919008090.49641,2211534585.0034,2460248026.17783,2834168889.42019,3802566170.81543,5139957784.91084,4690062255.12247,4794357795.07139,6197766118.59856,6605139933.41063,7335027591.91628,7468096566.71158,6678178340.45121,6813092065.83507
107,GDP (current US$),Lao PDR,LAO,1731198022.45494,1768619058.34647,1758176653.07746,2023324407.30316,2366398119.8821,2735558726.25625,3452882514.00166,4222962987.53859,5443915120.50795,5832915387.08908,7127792629.58294,8749241114.18913,10191350119.6808,11942230508.334,13268458231.9284,14390442307.3996,15805692545.8723
108,GDP (current US$),Latvia,LVA,7934206257.24218,8334748153.1229,9529948840.38199,11731703357.5206,14355307662.287,16909366521.4686,21436812139.4532,30897981124.3332,35657998830.5803,26250900750.6255,23796118300.8371,28246551197.1364,28170812351.7896,30276485435.7497,31382780146.4181,27090019662.7977,27734140217.3664
109,GDP (current US$),Lebanon,LBN,17260364842.4544,17649751243.7811,19152238805.9701,20082918739.6352,21145518599.8673,21489962079.602,22048664306.2023,24873482491.675,29227542759.602,35477299023.8806,38419626533.9967,40075674295.1907,44230727694.859,46866579767.8275,48296099502.4876,49973893200.6633,51239050082.9187
110,GDP (current US$),Lesotho,LSO,887295267.875155,825706961.238689,775780697.676625,1157832934.55127,1511236655.52047,1682350934.85132,1800105589.60349,1716262753.00196,1758534994.91599,1773199523.2307,2394600945.38102,2792049477.26553,2677545056.01559,2533992455.33308,2608269551.8008,2289799039.79675,2314323471.3948
111,GDP (current US$),Liberia,LBR,874000000,906000000,927000000,748000000,897000000,949000000,1119000000,1373000000,1726000000,1768000000,1998000000,2398000000,2721000000,3067000000,3144000000,3177000000,3277826000
112,GDP (current US$),Libya,LBY,38270206950.41,34110064452.1567,20481889763.7795,26265625000,33122307692.3077,47334148578.4164,54961936662.6066,67516236337.7158,87140405361.2292,63028320702.0343,74773444900.5368,34699395523.6073,81873662518.8238,65502870173.7831,41142722414.3351,27842131479.8726,26197143268.1243
113,GDP (current US$),Liechtenstein,LIE,2483953102.79488,2491822706.80256,2688630822.53304,3070691319.52179,3454362685.96703,3659251525.8593,4000239272.61126,4601299566.81106,5081432924.0144,4504549214.22663,5082366478.08994,5739977477.47748,5456009384.66461,6391735893.83968,6657170923.37918,6268391521.19701,6214633651.30911
114,GDP (current US$),Lithuania,LTU,11539211480.3625,12252498921.0186,14278357283.7419,18802576988.1557,22649930576.2543,26125575942.2814,30216060233.4044,39738180076.6283,47850551148.8365,37440673477.8982,37024718364.5516,43419061504.4429,42826586829.8189,46450990764.2532,48485169331.368,41392396557.6337,43021972484.8299
115,GDP (current US$),Luxembourg,LUX,21263514833.2412,21272418791.9463,23616328816.1114,29557325056.4334,34685281847.5292,37347394602.6614,42414308116.9239,50888134410.0739,55849686538.7432,51370543206.4462,53212476812.2957,60004630234.4135,56677961787.0717,61739352212.3049,66103853236.7572,57744457954.7297,60691483443.1221
116,GDP (current US$),"Macao SAR, China",MAC,6720492405.83611,6811227982.82193,7322677820.10108,8195033162.12038,10585624890.9277,12092222041.9168,14789661809.1834,18340447242.9971,20917444919.6394,21475520709.3922,28123640998.7253,36709860068.3445,43031577366.4251,51552075901.5183,55347998647.8196,45361678146.5247,45387299721.0792
117,GDP (current US$),North Macedonia,MKD,3772851420.24763,3709637829.94866,4018365247.44444,4946292774.79046,5682719260.0763,6258600713.82627,6861222331.96317,8336478142.08872,9909548410.82744,9401731495.71661,9407168702.4313,10494632699.3859,9745251126.0109,10817712138.9451,11362272837.8818,10064515432.0265,10672471860.7184
118,GDP (current US$),Madagascar,MDG,3877673539.09084,4529575347.56805,4397254607.61164,5474030080.24451,4363934494.37405,5039293030.82367,5515884348.54904,8524620739.24074,10725137930.8286,9616879571.46431,9982711338.11813,11551819617.6271,11578974887.9562,12423555269.3893,12522957228.1764,11323020828.5758,11848613735.1933
119,GDP (current US$),Malawi,MWI,1743506531.32652,1716502862.2954,3495748397.63025,3208837077.25069,3476094498.87517,3655909664.1423,3998020176.67364,4432937045.79897,5321012192.33619,6191127665.1963,6959655570.89098,8004000737.30717,6028487928.83351,5518880768.57955,6047813437.31804,6373212640.84604,5433040159.88747
120,GDP (current US$),Malaysia,MYS,93789736842.1053,92783947368.4211,100845526315.789,110202368421.053,124749473684.211,143534102611.497,162691238209.476,193547824063.3,230813897715.69,202257625195.063,255016609232.871,297951960784.314,314443149443.149,323277158906.979,338061963396.376,301354756113.174,301255454041.415
121,GDP (current US$),Maldives,MDV,624337145.284622,870179738.562091,897031250,1052121054.6875,1226829562.5,1163362437.5,1575200390.625,1868383460.9375,2271646187.5,2345294875,2588176054.6875,2774351760.03287,2886170571.69634,3295011381.75405,3697351596.83753,4109424799.72407,4379136461.83077
122,GDP (current US$),Mali,MLI,2954129565.82965,3465305993.47783,3889758023.73699,4703504466.53245,5444474268.42491,6245031690.06808,6899799785.8441,8145694631.88354,9750822511.47988,10181021770.4326,10678749467.4697,12978107560.5982,12442747897.2223,13246412031.4145,14345831014.6335,13099497220.4728,14010787737.8424
123,GDP (current US$),Malta,MLT,4306192435.82207,4331870647.71535,4689832689.83269,5456583589.39342,6062780269.0583,6394851386.64345,6757119558.3992,7880509170.54476,8977149553.24447,8528202278.41067,8749171417.20801,9510019134.82894,9209873465.50645,10154463059.2461,11303729347.0846,10715545898.6342,11452895366.67
124,GDP (current US$),Marshall Islands,MHL,115347500,122824000,131738200,131398500,133806400,141922500,145474100,153884600,153135800,151772600,162164700,174332100,182874800,187707400,184689500,184599600,200558400
125,GDP (current US$),Mauritania,MRT,1293654176.88438,1295539954.38702,1324427093.64501,1563074858.38117,1833444739.62264,2184447591.21449,3040716679.07669,3356753170.11296,4031053345.25594,3662279342.59775,4337794152.82681,5166346516.40948,5231255478.38986,5639818811.90095,5391555433.76476,4828858024.69136,4679346590.90909
126,GDP (current US$),Mauritius,MUS,4663313620.01707,4613630622.77501,4841310239.63687,5816553826.85519,6578844486.06288,6488750452.60067,7028803365.70151,8150138757.15741,9990370016.30771,9128843109.15588,10003670690.3497,11518393367.2403,11668685524.1265,12129642296.4425,12803445933.5894,11692287066.381,12232463655.5727
127,GDP (current US$),Mexico,MEX,707906744574.644,756706300589.791,772106378935.377,729336319677.449,782240601984.76,877476221382.101,975387131716.089,1052696282278.88,1109989063586.62,900045350649.351,1057801295584.05,1180489601957.61,1201089987015.45,1274443084716.57,1314563967425.24,1170564619927.69,1077903618176.07
128,GDP (current US$),"Micronesia, Fed. Sts.",FSM,233271799.45728,240970948.953606,242517241.237159,245432897.19701,240236020.570249,250281881.170157,253541864.150944,256787150.874101,263145104.610435,280284568.061757,296944122.022674,311301557.087302,327248654.764484,317214350.095235,319271156.353297,316489947.494367,332265162.497548
129,GDP (current US$),Moldova,MDA,1288429391.79951,1480673594.05602,1661818168.4226,1980907434.76826,2598249555.89984,2988348836.471,3408244549.19999,4401189466.14058,6054849884.52656,5439422031.39627,6974960426.21652,8414360571.10729,8709165249.26928,9496684621.98494,9510219299.49557,7745231660.33425,8071480540.86068
130,GDP (current US$),Monaco,MCO,2647883815.57966,2671424966.44295,2905840862.03651,3589126975.1693,4110169853.48895,4203084193.50827,4582988332.70606,5867916780.72817,6476490405.74191,5451653237.01028,5362649006.62252,6080344731.72088,5743029680.07195,6553372278.27934,7060236168.2367,6258844405.01275,6468694690.26549
131,GDP (current US$),Mongolia,MNG,1136896123.61298,1267997934.3125,1396555719.97409,1595297355.78349,1992066808.09598,2523471532.01083,3414055566.1138,4234999823.30839,5623216448.86851,4583850367.88972,7189481824.07288,10409797649.3063,12292770631.1967,12582122604.1921,12226514722.0861,11749620619.5962,11186734674.3847
132,GDP (current US$),Montenegro,MNE,984297589.359934,1159869245.92513,1284685050.52413,1707710053.14938,2073234417.68066,2257174480.78597,2721903148.91482,3680710375.03422,4545674527.61096,4159328980.2723,4139192052.98013,4538199888.79622,4087725812.66864,4464261816.25066,4587928884.17142,4052913385.82677,4374128318.58407
133,GDP (current US$),Morocco,MAR,38857251336.3448,39459581217.3759,42236836820.6152,52064058833.9739,59626020162.3816,62343022650.8742,68640825480.9223,79041294874.4553,92507257783.5697,92897320375.8176,93216746661.5977,101370474295.109,98266306615.3632,106825649872.108,110081248587.369,101179808076.36,103311649248.024
134,GDP (current US$),Mozambique,MOZ,5553894130.24062,5311092495.99103,5623299277.81063,6254047514.32788,7589038159.89336,8512116725.20706,9149485071.33634,10423424155.2923,12574681497.5762,11899763735.4052,11087646867.9421,14381552432.9494,16350804543.0515,16974320551.0213,17716084107.5888,15950969018.9458,11936999283.1791
135,GDP (current US$),Myanmar,MMR,8905066163.58643,6477790688.22844,6777632512.0781,10467109977.6717,10567354056.4049,11986972418.5103,14502553709.8303,20182477480.5512,31862554101.9378,36906181380.8127,49540813342.4834,59977326085.9908,59937797559.3295,60269734044.526,65446199787.8425,59687410896.5734,63256184700.2223
136,GDP (current US$),Namibia,NAM,3833993702.98856,3476452446.22032,3275669889.09655,4811994024.87871,6480441754.26103,7121391945.65439,7835043624.01241,8740865600.24981,8486721916.9128,8876191120.76189,11282192605.0374,12409629835.6998,13016272898.9038,12717790504.5002,12786078008.2376,11650656642.2655,11286139080.0065
137,GDP (current US$),Nauru,NRU,..,..,..,..,..,..,..,20439158.4236144,39291316.0250671,44294212.9288765,49235796.7057166,72680074.9285221,103833367.704681,108634964.604494,117009639.217846,99966636.1594143,102052700.538652
138,GDP (current US$),Nepal,NPL,5494252207.90502,6007055042.17687,6050875806.66403,6330473096.54071,7273938314.71988,8130258041.46706,9043715355.8881,10325618017.379,12545438605.3959,12854985464.0764,16002656434.4746,18913574370.76,18851513891.066,19271168018.482,20002968837.9471,21410840908.5198,21185922407.5922
139,GDP (current US$),Netherlands,NLD,416442786069.652,431213422818.792,471613965744.401,578792325056.433,657171591755.649,685092650167.89,733340860619.747,847481522036.682,947997656364.435,868077243678.8,846554894931.084,904085980796.018,838971306990.906,876923518850.405,890981311077.658,765264949780.999,783528181704.567
140,GDP (current US$),New Caledonia,NCL,2682347064.3642,..,..,..,..,..,..,..,..,..,..,..,..,..,..,..,..
141,GDP (current US$),New Zealand,NZL,52623281956.7031,53872425916.6248,66627729311.4495,88250885550.2626,103905210084.034,114720129550.095,111608845081.383,137316087308.003,133280382371.547,121338622025.111,146583831538.331,168461998741.295,176193696737.934,190784384693.441,200834001603.85,177208110322.704,187854022728.459
142,GDP (current US$),Nicaragua,NIC,5107329007.0922,5323146565.70315,5224213017.54386,5322454925.84746,5795568204.64532,6321335612.22233,6763688104.72396,7423367753.47589,8496998229.39412,8298729073.96937,8758639096.47693,9774351930.71802,10532006608.1447,10982938825.6994,11880395548.3476,12756706583.3113,13286048705.496
143,GDP (current US$),Niger,NER,1798374468.36362,1945327564.65042,2170481508.86916,2731416346.48158,3052898739.4678,3405134831.8505,3646728060.06463,4291363390.91295,5379299887.69673,5373097440.5653,5718664504.91341,6409184724.22579,6942258305.19085,7667952566.39139,8229731383.75656,7217667780.59665,7528285443.60769
144,GDP (current US$),Nigeria,NGA,69448756932.5833,74030364472.0506,95385819320.5737,104911947834.122,136385979322.437,176134087150.341,236103982431.635,275625684968.615,337035512676.935,291880204327.419,363359886203.409,410334579160.752,459376049763.999,514966287334.277,568498937615.656,494583180777.103,404649527537.753
145,GDP (current US$),Northern Mariana Islands,MNP,..,..,1284000000,1239000000,1210000000,1061000000,990000000,938000000,939000000,795000000,799000000,733000000,751000000,782000000,845000000,931000000,1250000000
146,GDP (current US$),Norway,NOR,171247131268.604,173972218824.027,195524186477.617,228858506821.841,264511630666.983,308884284051.222,345581369965.54,400937100158.657,462250000000,386190385318.767,428757038466.841,498283438454.281,509506317146.541,522761531914.894,498410050251.256,385801550067.169,368827142857.143
147,GDP (current US$),Oman,OMN,19507412223.6671,19452015604.6814,20142782834.8505,21633810143.0429,24763589076.723,31081924577.3732,37215864759.4278,42085305591.6775,60905331599.4798,48388296488.9467,58642392717.8153,67937581274.3823,76689206762.0286,78784395318.5956,81076723016.9051,68921456436.9311,65941482444.7334
148,GDP (current US$),Pakistan,PAK,73952374969.7995,72309738921.3329,72306820396.2325,83244801092.7096,97977766197.6724,109502102510.883,137264061106.043,152385716311.916,170077814106.305,168152775283.032,177165635077.065,213587413183.996,224383620829.57,231218567178.979,244360888750.807,270556131701.171,278654637737.69
149,GDP (current US$),Palau,PLW,146113700,156737100,163026600,153761900,164886100,184468800,189028900,194630300,198024400,183369300,183498800,193143900,211103300,223388400,243147000,280376100,300125600
150,GDP (current US$),Panama,PAN,12304115000,12502013400,12994310400,13693981200,15013381700,16374393900,18141666300,21295984200,25155888600,27116635600,29440300000,34686200000,40429700000,45600000000,49921500000,54091700000,57957600000
151,GDP (current US$),Papua New Guinea,PNG,3521339699.07407,3081024212.42924,2999511040.19764,3536411824.2958,3927157866.96465,4865892972.27595,8355006711.25024,9545177004.87155,11670840924.1395,11619637815.9806,14250755221.5077,17984910495.726,21295659249.2443,21261432774.5023,23210682536.8359,21723531182.1369,20759069104.55
152,GDP (current US$),Paraguay,PRY,8855705139.55857,8495806432.18467,7196260656.84556,7691367471.17992,9624440836.29309,10737500188.1123,13429430050.261,17856270473.153,24578067861.3998,22341754513.9643,27215968615.5548,33715524703.9288,33283228891.0923,38585317742.981,40276532540.8812,36164068797.2511,36054281572.3981
153,GDP (current US$),Peru,PER,51744749133.213,52030158775.4055,54777553515.0809,58731030121.8671,66768703497.5687,76060606060.606,88643193061.748,102170981144.136,120550599815.441,120822986521.479,147528937028.778,171761737046.585,192648999090.082,201175469114.327,200789362451.567,189805300841.603,191895943823.887
154,GDP (current US$),Philippines,PHL,81026300310.0109,76262072467.3776,81357605641.8544,83908206647.9347,91371242495.0794,103071582125.968,122210716311.048,149359918059.998,174195136253.393,168334601260.075,199590775190.258,224143083706.777,250092092998.143,271836123723.678,284584522898.872,292774099013.687,304897590205.413
155,GDP (current US$),Poland,POL,171885598582.637,190521263343.023,198680637254.902,217513049291.61,255102252843.395,306125173852.573,344748646558.391,429063549983.742,533815789473.684,439796160379.475,479321460551.189,528832185770.217,500360816827.883,524234322596.975,545389126644.476,477576866958.483,472028000405.803
156,GDP (current US$),Portugal,PRT,118310710337.203,121498889485.459,134156091661.961,164862142212.19,189034502110.752,197180330804.626,208581694893.991,240190803449.22,262344779551.78,243701635176.438,237880908317.652,244797226567.109,216236608773.976,226369502104.236,229596170846.995,199313894327.486,206286022781.894
157,GDP (current US$),Puerto Rico,PRI,61701800000,69208400000,71623500000,74827400000,80322313000,83914521300,87276164400,89524131600,93639300000,96385600000,98381300000,100351700000,101564800000,102450000000,102445800000,103375500000,104336700000
158,GDP (current US$),Qatar,QAT,17759890109.8901,17538461538.4615,19363736263.7363,23533791208.7912,31734065934.0659,44530494505.4945,60882142857.1428,79712087912.0879,115270054945.055,97798351648.3516,125122306346.154,167775274725.275,186833516483.516,198727747252.747,206224725274.725,161739835164.835,151732142857.143
159,GDP (current US$),Romania,ROU,37253259016.9976,40394824679.1232,46066101951.2933,57806506024.0964,74972669056.5922,98452791982.7024,122022997508.01,174585202805.233,214313628965.024,174103695930.213,166225180150.414,183443154234.731,171196268957.961,190949066979.176,199626806401.529,177893451831.141,188494136775.719
160,GDP (current US$),Russian Federation,RUS,259710142196.943,306602070620.5,345470494417.863,430347770731.787,591016690742.798,764017107992.392,989930542278.695,1299705764823.62,1660846387624.78,1222644282201.86,1524917468442.01,2051661732059.78,2210256976945.38,2297128039058.21,2059984158438.46,1363594369577.82,1282723881134.01
161,GDP (current US$),Rwanda,RWA,1734938652.21165,1674685248.19528,1677552332.39623,1846198770.58709,2088961968.93579,2581313485.68523,3194248865.75436,3875655218.43662,4924731465.94296,5450464409.08754,5849863212.53084,6646901207.96626,7428848122.01823,7621924854.16834,8016593394.23229,8277614580.58676,8475622319.014
162,GDP (current US$),Samoa,WSM,269019710.327456,273088357.1637,288078881.433056,338838639.378435,420320176.359437,465568018.300557,505832439.822977,570469196.667431,619260721.579306,584706020.213857,663161528.405016,737401684.079882,760549577.698957,770021643.562694,756919933.524059,788307314.850856,799376439.999273
163,GDP (current US$),San Marino,SMR,1101897917.81832,1160626398.21029,1253529079.61604,1600451467.26862,1877328035.75863,1958711603.03445,2092585622.88295,2488365726.79989,2752307016.25897,2363156432.34232,2139072847.68212,2054489852.65499,1800077091.09598,1865374402.54912,1788510017.24824,1523012088.2777,1564380530.97345
164,GDP (current US$),Sao Tome and Principe,STP,..,75951127.727338,85171074.2134329,102085766.467304,114582285.797721,136450661.34421,142775106.811733,149146923.104274,188021168.841818,187821029.03052,197454052.146072,233213521.691189,252560556.021848,302925488.131749,348941656.435664,318265835.263324,347545391.785
165,GDP (current US$),Saudi Arabia,SAU,189514926213.333,184137469733.333,189605920240,215807655253.333,258742133333.333,328459608764.111,376900133511.348,415964509673.115,519796800000,429097866666.667,528207200000,671238840106.667,735974843360,746647127413.333,756350347333.334,654269902880,644935541440
166,GDP (current US$),Senegal,SEN,5924239700.81588,6174898370.14018,6752510282.95744,8683229268.11979,10167441854.4694,11022821631.8674,11847848224.8947,14285970085.1384,16949789464.5284,16248212852.2153,16215069255.5883,17878780184.8872,17825417949.4095,18960182371.4679,19770840285.9946,17767704596.9267,19027392875.8489
167,GDP (current US$),Serbia,SRB,6540247190.33529,12267175481.2542,16116843146.4806,21188704081.2428,24861483280.6339,27683225959.2468,32482070360.3204,43170990616.4729,52194221468.5007,45162894380.9318,41819468691.8251,49258136128.9672,43309252921.0567,48394239474.6762,47062206677.6539,39628550868.7509,40630392018.541
168,GDP (current US$),Seychelles,SYC,614879764.780006,622262057.191635,697518248.175182,705704816.042365,839319927.272727,919103254.545455,1016418229.25159,1033561654.0568,967199593.960157,847397850.094417,969936525.298729,1065826669.89742,1060226125.62616,1328157608.83087,1343007845.04468,1377495054.04127,1427524565.30226
169,GDP (current US$),Sierra Leone,SLE,635874002.198748,1090467712.30773,1253340519.53311,1385810072.19217,1448536630.88143,1650494366.99875,1885112201.85278,2158496872.85796,2505458705.03338,2453899846.88317,2578026297.15912,2942546781.04548,3801862611.36414,4920343194.99339,5015157815.73406,4218723875.1379,3674794530.18956
170,GDP (current US$),Singapore,SGP,96074477958.2366,89794943349.8912,92537752708.5893,97645448283.7791,115035498757.543,127807618360.971,148630373214.173,180941941477.009,193611986712.842,194152286008.938,239809387605.427,279351168707.267,295087220933.024,307576360584.992,314851156183.411,308004146057.608,318068476293.883
171,GDP (current US$),Sint Maarten (Dutch part),SXM,..,..,..,..,..,..,..,..,..,..,..,..,..,..,..,..,..
172,GDP (current US$),Slovak Republic,SVK,29169953012.7142,30752150335.5705,35130340673.8189,46816589164.7856,57332015147.7527,62785305310.2848,70708098105.6329,86454081576.7862,100469509301.304,89046289247.0131,90183986821.6439,98997521242.3941,94416582465.2848,98723944143.6938,101171217100.824,88457167724.277,89640741266.0295
173,GDP (current US$),Slovenia,SVN,20289627636.6767,20876309575.5183,23489889975.0623,29634713062.594,34414784504.2352,36206396343.7383,39481044912.8089,48006373117.9852,55552508715.3948,50368056543.4843,48161250935.0166,51516367349.8866,46580457470.2769,48401896409.9842,49930685013.4603,43090173061.9713,44651537259.9731
174,GDP (current US$),Solomon Islands,SLB,435103853.485036,400463452.065176,341661643.551446,332738245.913215,375111894.932329,413909879.281265,456705433.996978,516074228.959749,608229326.656255,597765363.128492,681151193.502387,932725583.343148,1063879445.83424,1129787198.20326,1172268300.95047,1154650068.85921,1230459709.77114
175,GDP (current US$),Somalia,SOM,..,..,..,..,..,..,..,..,..,..,..,..,..,3892402684.75612,3963532308.99597,4048860871.41323,4198485403.87919
176,GDP (current US$),South Africa,ZAF,136361298082.061,121514658737.165,115482368343.658,175256916996.047,228590027400.653,257772710832.953,271638484826.109,299415505152.298,286769839732.726,295936485832.635,375349442837.24,416418874936.304,396332702639.496,366829390478.954,350904575292.317,317620522794.827,296357282715.109
177,GDP (current US$),South Sudan,SSD,..,..,..,..,..,..,..,..,14586253365.7704,12231264525.0671,14602072425.3919,14907308933.929,11931472172.5786,18426469030.2078,13962212837.4671,11997800751.0613,..
178,GDP (current US$),Spain,ESP,596877648793.072,627286800894.855,705394315829.098,905492099322.799,1067093369754.16,1153285660987.44,1259343871534.31,1472131125102.66,1625224842536.99,1485583495415.39,1420722034063,1478772824224.03,1324820091194.67,1354757433212.72,1369398844599.58,1195119269971.52,1232076017361.53
179,GDP (current US$),Sri Lanka,LKA,16330814179.9766,15749753804.8344,16536535647.0834,18881765437.2151,20662525941.2986,24405791044.7761,28279814924.5918,32350248410.8216,40713812309.7316,42066217871.5349,56725749221.9043,65292753005.4664,68434409315.1123,74317806538.3632,79356449840.5771,80604080688.5775,82401038709.5356
180,GDP (current US$),St. Kitts and Nevis,KNA,433520483.446409,475443702.962222,497328958.588218,486344344.344344,529250444.444444,577730925.925926,657227370.37037,723938703.703704,793368444.444444,767066407.407407,760170370.37037,817759259.259259,800414814.814815,839774074.074074,916566666.666667,923155555.555555,971166666.666667
181,GDP (current US$),St. Lucia,LCA,834327296.296296,798333814.814815,805069148.148148,883314333.333333,954317407.407407,1015934666.66667,1134567222.22222,1279428222.22222,1286720333.33333,1278745518.51852,1399203481.48148,1444269666.66667,1440016851.85185,1483814333.33333,1559072148.14815,1659110888.88889,1701596814.81481
182,GDP (current US$),St. Martin (French part),MAF,..,..,..,..,..,..,..,..,..,..,..,..,..,..,..,..,..
183,GDP (current US$),St. Vincent and the Grenadines,VCT,396261370.37037,430039296.296296,461883444.444444,481806296.296296,521975111.111111,550728666.666667,610930037.037037,684446259.259259,695428851.851852,674922481.481482,681225962.962963,676129407.407407,692933740.740741,721207407.407407,727714814.814815,755400000,774429629.62963
184,GDP (current US$),Sudan,SDN,12257418326.0734,13182979783.533,14803189092.7044,17646503525.1743,21457470202.7839,26524538565.7403,35822408611.5588,45898948564.0593,54526580231.5568,53150209167.934,65634109236.7736,67327289319.733,68125631150.2939,72065940085.7719,82151588418.8325,96741742021.6738,95558220776.921
185,GDP (current US$),Suriname,SUR,947671969.69697,834279357.798165,1093574468.08511,1274190311.41869,1484092538.40527,1793388732.29125,2626380435.17877,2936612021.85792,3532969034.60838,3875409836.06557,4368398047.64333,4422276621.78703,4980000000,5145757575.75758,5240606060.60606,4787367928.11777,3166040522.7499
186,GDP (current US$),Eswatini,SWZ,1738100848.09721,1542477354.99355,1432228172.702,2197612760.58535,2770082815.20915,3178126547.9298,3291353812.85535,3469363931.16431,3294093359.62088,3580417156.54024,4438778553.63533,4820499498.18209,4886658800.24361,4597702897.95031,4422304976.52658,4073390988.34931,3840677844.57852
187,GDP (current US$),Sweden,SWE,261337451703.739,241018965834.39,265336496492.796,332269146581.255,382624474411.136,389752445437.636,420223767314.521,487972865005.622,515413663880.081,435114191643.367,495328620126.028,572744002632.359,550926978153.434,584637790103.989,580249344644.964,503650641896.128,515744370225.386
188,GDP (current US$),Switzerland,CHE,272055305542.397,278631192225.646,301416655973.309,352914531818.519,394164053075.995,408689367169.933,430921199553.358,479913362212.596,554363401347.983,541506295377.263,583783396408.582,699579502158.199,668043476123.359,688504215507.029,709182183359.844,679832391757.542,671308872735.114
189,GDP (current US$),Syrian Arab Republic,SYR,19325894913.1254,21099833783.503,21582248881.6592,21828144686.0394,25086930693.0693,28858965517.2414,33332844574.7801,40405006007.2086,..,..,..,..,..,..,..,..,..
190,GDP (current US$),Tajikistan,TJK,860521119.298753,1080768906.5003,1221120798.81336,1555301496.04756,2076182460.86517,2312327536.41789,2830220713.07301,3719506172.83951,5161337336.40365,4979481980.35098,5642178579.58438,6522732202.50748,7633049792.09321,8448469837.53831,9112544556.05962,7854602391.65355,6952678127.03396
191,GDP (current US$),Tanzania,TZA,13375976353.6994,13581644245.7352,14142035080.2849,15224257698.482,16675948414.7573,18399046025.2688,18649590248.2626,21843529024.9154,27941177434.5087,29081425282.2949,32014249841.4151,34657139495.4031,39650530214.3287,45680532613.7591,49964788814.0927,47378599025.3044,49774021003.0747
192,GDP (current US$),Thailand,THA,126392308497.749,120296746256.631,134300851255.002,152280653543.725,172895476152.592,189318499954.003,221758486880.313,262942650543.771,291383081231.82,281710095724.761,341105009515.333,370818747396.833,397558094269.877,420333333333.333,407339361695.577,401295970240.337,412352789519.611
193,GDP (current US$),Timor-Leste,TLS,439646100,517708500,510677000,543315600,1078373700,1813708100,2657842700,2881040200,4391368100,3199666700,3998961300,5672048700,6661664600,5637671700,4041637000,3092624800,2503532100
194,GDP (current US$),Togo,TGO,1488185772.47585,1481141849.98469,1698678686.38235,2111093197.99043,2255942249.33218,2280575830.08337,2349495620.59025,2659095101.10026,3310277926.58997,3365711796.38206,3426022205.75557,3867391618.08827,3873529926.22723,4320427495.74933,4568900619.92456,4179185205.16122,4483932937.18367
195,GDP (current US$),Tonga,TON,202363492.160332,181244788.473329,182737040.095422,202543202.004099,229358214.792003,262176133.72543,294137737.070038,300143056.873221,349484427.609428,318166562.784677,369485198.817979,423011844.331641,472358251.224261,450686353.674011,443911052.254042,435438217.281663,401109307.359307
196,GDP (current US$),Trinidad and Tobago,TTO,8154338232.95978,8824873259.32105,9008273720.93395,11305459802.0683,13280275123.0354,15982282462.3786,18369361094.3886,21641620049.9352,27871587349.5413,19172165225.5015,22157948396.2042,25433011405.3017,25763220107.0051,27268478564.5547,27615843098.0949,25062893969.3292,22284780326.8856
197,GDP (current US$),Tunisia,TUN,21473188881.5933,22066101341.4888,23142294436.2383,27453084982.5378,31183139301.4853,32273007553.5687,34378437265.2141,38908069299.204,44856586316.0458,43454935940.1614,44050929160.2627,45810626509.4474,45044112939.3687,46251061734.4741,47632326088.237,43173480831.9739,41802653631.2849
198,GDP (current US$),Turkey,TUR,272979390333.738,200251925227.875,238428125942.395,311823003788.624,404786739602.812,501416301536.12,552486912921.989,675770112179.989,764335657637.62,644639901973.703,771901768870.083,832523680908.06,873982246611.954,950579413122.56,934185915386.096,859796872677.614,863721648068.806
199,GDP (current US$),Turkmenistan,TKM,2904662604.82053,3534803921.56863,4461978498.86577,5977560877.44013,6838351088.46688,8103901996.37024,10276674364.8961,12664165103.1895,19271523178.8079,20214385964.9123,22583157894.7368,29233333333.3333,35164210526.3158,39197543859.6491,43524210526.3158,35799714285.7143,36180000000
200,GDP (current US$),Turks and Caicos Islands,TCA,..,358744800,366707910,409753640,485598810,578645760,721891470,773489740,862683630,703175750,686787810,728789570,715722770,740776770,823968140,893501650,950357510
201,GDP (current US$),Tuvalu,TUV,13742057.0500928,13196544.946726,15450994.2410084,18231078.5394643,21534931.6075894,21839098.8927071,22902861.4457831,27030996.0274377,30290770.2575339,27101312.7912806,31824701.2779469,38713279.6189995,37671734.4913473,37507514.536976,37291841.426971,35492333.8641732,36547419.8730745
202,GDP (current US$),Uganda,UGA,6193246837.09687,5840503868.57245,6178563590.89254,6336696288.98214,7940362799.17997,9013834373.41246,9942597779.99265,12292813603.2327,14239026629.639,18168902153.8798,20186496527.1256,20176025256.9153,23114293416.3905,24599550623.7254,27291879819.3622,27102650386.6012,24133664284.5089
203,GDP (current US$),Ukraine,UKR,31261527363.144,37972301334.6736,42351593887.2827,50084197498.4529,64819702951.6826,86057915585.3026,107647920792.079,142579603960.396,179816790704.739,117113410001.027,136013155905.036,163159671670.265,175781379051.433,183310146378.081,133503411375.739,91030959454.6961,93355993628.5042
204,GDP (current US$),United Arab Emirates,ARE,104337372362.151,103311640571.818,109816201497.617,124346358066.712,147824370319.946,180617467954.23,222116541865.214,257916133424.098,315474615738.598,253547358747.447,289787338325.391,350666031313.819,374590605854.323,390107556160.654,403137100068.073,358135057862.492,357045064669.843
205,GDP (current US$),United Kingdom,GBR,1657816613708.58,1640246149417.01,1784473920863.31,2053018775510.2,2416931526913.22,2538680000000,2713749770009.2,3100882352941.18,2922667279411.76,2410909799034.12,2475244321361.11,2659310054646.23,2704887678386.72,2786022872706.81,3063803240208.01,2928591002002.51,2694283209613.29
206,GDP (current US$),United States,USA,10252345464000,10581821399000,10936419054000,11458243878000,12213729147000,13036640229000,13814611414000,14451858650000,14712844084000,14448933025000,14992052727000,15542581104000,16197007349000,16784849190000,17521746534000,18219297584000,18707188235000
207,GDP (current US$),Uruguay,URY,22823255801.8447,20898788416.6348,13606494599.4261,12045631092.5353,13686329890.1191,17362857684.8695,19579457964.7544,23410572633.2882,30366213118.4076,31660911278.5627,40284481653.4343,47962439302.6658,51264390114.2305,57531233351.2089,57236013057.6443,53274304222.1829,52687612262.177
208,GDP (current US$),Uzbekistan,UZB,13760513969.314,11401421329.1974,9687788512.80184,10134453435.4603,12030023547.8807,14307509838.8053,17330833852.919,22311393927.8817,29549438883.8338,33689223673.2577,46679875793.5724,56516280748.3777,63628854498.5024,68997168337.6782,76658542757.4707,81847410181.7953,81779012350.8833
209,GDP (current US$),Vanuatu,VUT,272014693.050806,257926881.72043,262603781.799059,314463144.04219,364996869.129618,394962552.336108,439376794.094041,526428309.945088,607958616.143415,610066628.693058,700804286.224354,792149700.679116,781702874.106058,801787555.861121,814954306.971033,759689950.930918,804332795.575017
210,GDP (current US$),"Venezuela, RB",VEN,117140723529.412,122903960204.505,92893587733.6549,83620628582.1082,112453382329.615,145510008134.75,183477522123.894,230364012575.687,315953388510.678,329787628928.472,393192354510.653,316482190800.364,381286237847.667,371005379786.566,482359318767.703,..,..
211,GDP (current US$),Vietnam,VNM,31172518403.3162,32685198735.3053,35064105500.8345,39552513316.0734,45427854693.2554,57633255618.2731,66371664817.0436,77414425532.2452,99130304099.1274,106014659770.222,115931749697.241,135539438559.709,155820001920.492,171222025117.381,186204652922.262,193241108709.536,205276172134.901
212,GDP (current US$),Virgin Islands (U.S.),VIR,..,..,3269000000,3453000000,3799000000,4439000000,4504000000,4803000000,4250000000,4203000000,4339000000,4239000000,4095000000,3762000000,3622000000,3748000000,3863000000
213,GDP (current US$),West Bank and Gaza,PSE,4313600000,4003700000,3555800000,3968000000,4329200000,4831800000,4910100000,5505800000,6673500000,7268200000,8913100000,10465400000,11279400000,12476000000,12715600000,12673000000,13425700000
214,GDP (current US$),"Yemen, Rep.",YEM,9652436179.64605,9861560094.74009,10694628091.6726,11777966673.3897,13872791658.5487,16746344766.2044,19061978586.1278,21650532264.2322,26910851361.7555,25130274124.2524,30906749533.221,32726417878.391,35401339869.3055,40415233436.1767,43228585321.3272,42628328212.1041,30968242967.7823
215,GDP (current US$),Zambia,ZMB,3600683039.73254,4094480988.11931,4193845678.17033,4901839731.26571,6221077674.77871,8331870169.14977,12756858899.2812,14056957976.2648,17910858637.9048,15328342303.9575,20265556273.582,23460098339.7453,25503370699.2015,28045460442.1876,27150630607.2032,21243350632.5008,20954754378.1394
216,GDP (current US$),Zimbabwe,ZWE,6689957600,6777384700,6342116400,5727591800,5805598400,5755215200,5443896500,5291950100,4415702800,9665793300,12041655200,14101920300,17114849900,19091020000,19495519600,19963120600,20548678100
217,,,,,,,,,,,,,,,,,,,,
218,,,,,,,,,,,,,,,,,,,,
219,,,,,,,,,,,,,,,,,,,,
220,Data from database: World Development Indicators,,,,,,,,,,,,,,,,,,,
221,Last Updated: 12/20/2019,,,,,,,,,,,,,,,,,,,
